hard tap	1	[0.3996493734966536, 0.40062864821249106, 0.3965089681512131, 0.3988497845865333, 0.39432919037659836, 0.3956380643187369, 0.3965890988860007, 0.3990299448236042, 0.39969591980384345, 0.3981010977083926, 0.40117275176747874, 0.3993819452751843, 0.39762250198334215, 0.40035774210111175, 0.3990188017391756, 0.39546723739815687, 0.39655749439362875, 0.3992689709223611, 0.4005992768617007, 0.3994732891596435, 0.39789000888083986, 0.3987922036381791, 0.3984354101991688, 0.3990698737427857, 0.3975768539160155, 0.4011472276532334, 0.39206289192167537, 0.3906478522770955, 0.3856785606849967, 0.37305655933641574, 0.34795043275529486, 0.3251578279667622, 0.3056516307729274, 0.2842147689029928, 0.2646365495133086, 0.2539299758882378, 0.24150145759487246, 0.22475577629263216, 0.21723230670121843, 0.21051644232125372, 0.2067855378243239, 0.21074742484991585, 0.20840316220835603, 0.21267540449106426, 0.21678577354073425, 0.22652045518075545, 0.24156671351722742, 0.27684253838282197, 0.39808591012207145, 0.38593153164404403, 0.3666695419931554, 0.3735977638043106, 0.3874565909652888, 0.3896805059263183, 0.3904632711244886, 0.3918391758058401, 0.39428352894334606, 0.39027857352137, 0.39023039222462313, 0.3949632879163601]	[1e-20, 1e-20, 1e-20, 1e-20, 1e-20, 1e-20, 1e-20, 1e-20, 1e-20, 1e-20, 1e-20, 1e-20, 1e-20, 1e-20, 1e-20, 1e-20, 1e-20, 1e-20, 1e-20, 1e-20, 1e-20, 1e-20, 1e-20, 1e-20, 1e-20, 1e-20, 1e-20, 1e-20, 1e-20, 1e-20, 1e-20, 1e-20, 1e-20, 1e-20, 1e-20, 1e-20, 1e-20, 1e-20, 1e-20, 1e-20, 1e-20, 1e-20, 1e-20, 1e-20, 1e-20, 1e-20, 1e-20, 1e-20, 1e-20, 1e-20, 1e-20, 1e-20, 1e-20, 1e-20, 1e-20, 1e-20, 1e-20, 1e-20, 1e-20, 1e-20]
hard tap	2	[0.398623676421347, 0.3993514337580083, 0.397901611583672, 0.39844233772728044, 0.3957848425448098, 0.39754282323188517, 0.3969205621313648, 0.39852891652153977, 0.3989353093117536, 0.3984182519069196, 0.39849799773082384, 0.3981056917726552, 0.3994403484600362, 0.39993799772171357, 0.3987278041399179, 0.39814963867752395, 0.39875119150624533, 0.40010731948453204, 0.39885089657420736, 0.3981346932242714, 0.3979740846217158, 0.3977650682306496, 0.3977031148030081, 0.39814089361432903, 0.39789397316045133, 0.4009010838493427, 0.39506833416332154, 0.39447713226527636, 0.38697221350199484, 0.36804388078530953, 0.3421167420421497, 0.3216098333683233, 0.2999338275149405, 0.28018226826821546, 0.2604795438048741, 0.2447543015032287, 0.2343713450394248, 0.21966756492982953, 0.2133838022525381, 0.20787986055333207, 0.20345729429334863, 0.20199303408078095, 0.20486401435046178, 0.21218692394121486, 0.225896313509314, 0.24483128481822242, 0.2984043149248742, 0.34221156220255683, 0.39469252600200566, 0.3827687927550743, 0.3716135015865061, 0.381167007617241, 0.39202863455440223, 0.3912555967680379, 0.3926649974931504, 0.392253194057215, 0.3948057530527782, 0.38982793145859407, 0.3924864955997888, 0.39531433249086295]	[2.1041089805851514e-06, 3.2625535254795894e-06, 3.878911459941443e-06, 3.3202588623013244e-07, 4.237846469637219e-06, 7.256213034436004e-06, 2.1973576605460546e-07, 5.020587189392519e-07, 1.1570566413542527e-06, 2.0117357128668844e-07, 1.4308618313202958e-05, 3.2576460054354934e-06, 6.609131625657501e-06, 3.5237068807266535e-07, 1.693592055475163e-07, 1.4390553247100369e-05, 9.624614043804625e-06, 1.4056566233882594e-06, 6.113667259390712e-06, 3.5836781563891867e-06, 1.4137460407684045e-08, 2.1100142908012873e-06, 1.0725130944763501e-06, 1.7260081581345525e-06, 2.0112923038312262e-07, 1.2117354438758487e-07, 1.806536613574285e-05, 2.9326770455764634e-05, 3.3470752218546104e-06, 5.025389251344049e-05, 6.806389467327308e-05, 2.5176531341103942e-05, 6.538654819409067e-05, 3.252212273895992e-05, 3.4561392919914456e-05, 0.00016838600083942434, 0.00010167701010670515, 5.1779789745108035e-05, 2.9621972983024723e-05, 1.3903126837873631e-05, 2.2154410002957507e-05, 0.0001532787154774278, 2.50511351200749e-05, 4.772264951623574e-07, 0.0001660038770381788, 0.000670572964024679, 0.006461025867549069, 0.008546218550290127, 2.3030111572628796e-05, 2.0005834559602966e-05, 4.888547292136802e-05, 0.00011458690379917134, 4.180716516150681e-05, 4.961822319338089e-06, 9.695198004922067e-06, 3.428222249430389e-07, 5.454360409444921e-07, 4.0615653748601556e-07, 1.0180004878868006e-05, 2.4646458657579347e-07]
hard tap	2	[0.398623676421347, 0.3993514337580083, 0.397901611583672, 0.39844233772728044, 0.3957848425448098, 0.39754282323188517, 0.3969205621313648, 0.39852891652153977, 0.3989353093117536, 0.3984182519069196, 0.39849799773082384, 0.3981056917726552, 0.3994403484600362, 0.39993799772171357, 0.3987278041399179, 0.39814963867752395, 0.39875119150624533, 0.40010731948453204, 0.39885089657420736, 0.3981346932242714, 0.3979740846217158, 0.3977650682306496, 0.3977031148030081, 0.39814089361432903, 0.39789397316045133, 0.4009010838493427, 0.39506833416332154, 0.39447713226527636, 0.38697221350199484, 0.36804388078530953, 0.3421167420421497, 0.3216098333683233, 0.2999338275149405, 0.28018226826821546, 0.2604795438048741, 0.2447543015032287, 0.2343713450394248, 0.21966756492982953, 0.2133838022525381, 0.20787986055333207, 0.20345729429334863, 0.20199303408078095, 0.20486401435046178, 0.21218692394121486, 0.225896313509314, 0.24483128481822242, 0.2984043149248742, 0.34221156220255683, 0.39469252600200566, 0.3827687927550743, 0.3716135015865061, 0.381167007617241, 0.39202863455440223, 0.3912555967680379, 0.3926649974931504, 0.392253194057215, 0.3948057530527782, 0.38982793145859407, 0.3924864955997888, 0.39531433249086295]	[2.1041089805851514e-06, 3.2625535254795894e-06, 3.878911459941443e-06, 3.3202588623013244e-07, 4.237846469637219e-06, 7.256213034436004e-06, 2.1973576605460546e-07, 5.020587189392519e-07, 1.1570566413542527e-06, 2.0117357128668844e-07, 1.4308618313202958e-05, 3.2576460054354934e-06, 6.609131625657501e-06, 3.5237068807266535e-07, 1.693592055475163e-07, 1.4390553247100369e-05, 9.624614043804625e-06, 1.4056566233882594e-06, 6.113667259390712e-06, 3.5836781563891867e-06, 1.4137460407684045e-08, 2.1100142908012873e-06, 1.0725130944763501e-06, 1.7260081581345525e-06, 2.0112923038312262e-07, 1.2117354438758487e-07, 1.806536613574285e-05, 2.9326770455764634e-05, 3.3470752218546104e-06, 5.025389251344049e-05, 6.806389467327308e-05, 2.5176531341103942e-05, 6.538654819409067e-05, 3.252212273895992e-05, 3.4561392919914456e-05, 0.00016838600083942434, 0.00010167701010670515, 5.1779789745108035e-05, 2.9621972983024723e-05, 1.3903126837873631e-05, 2.2154410002957507e-05, 0.0001532787154774278, 2.50511351200749e-05, 4.772264951623574e-07, 0.0001660038770381788, 0.000670572964024679, 0.006461025867549069, 0.008546218550290127, 2.3030111572628796e-05, 2.0005834559602966e-05, 4.888547292136802e-05, 0.00011458690379917134, 4.180716516150681e-05, 4.961822319338089e-06, 9.695198004922067e-06, 3.428222249430389e-07, 5.454360409444921e-07, 4.0615653748601556e-07, 1.0180004878868006e-05, 2.4646458657579347e-07]
soft tap	1	[0.40045421798363784, 0.4003146894177015, 0.40050092007310834, 0.39685966026439096, 0.4031684595655442, 0.39789889273543094, 0.39799798983661716, 0.3988602908506849, 0.39875422842554314, 0.3987227056460019, 0.3981021130874228, 0.39712176510132324, 0.39772314845626405, 0.4008270249841826, 0.4012209591897665, 0.39550067148993584, 0.39966064830501596, 0.39974110088985765, 0.39897055460929665, 0.4007882775803586, 0.397575471049465, 0.39925427737966906, 0.4008833520311392, 0.4050027768738368, 0.40206167504782214, 0.39828614227117076, 0.39651249449330567, 0.39931435893840916, 0.3827187400820944, 0.36761459578251715, 0.33890826940196944, 0.32188268112758567, 0.30974480165933743, 0.2983193900727627, 0.29441805330884685, 0.31583920291685735, 0.3674569385170382, 0.3924880180676529, 0.38834099128954797, 0.3955284160972557, 0.39105404637898444, 0.39371755754214033, 0.39279414612384905, 0.3936856420184167, 0.3956798274836928, 0.39743742337717397, 0.3969006069037477, 0.3960992447722546, 0.3938769780474726, 0.3967982793353575, 0.3951204053372883, 0.4006838632458134, 0.3968566435164161, 0.39513526500621143, 0.3975155460324676, 0.39848503931932094, 0.3989149901280288, 0.3972533347725469, 0.39753938906400416, 0.3999107914535264]	[1e-20, 1e-20, 1e-20, 1e-20, 1e-20, 1e-20, 1e-20, 1e-20, 1e-20, 1e-20, 1e-20, 1e-20, 1e-20, 1e-20, 1e-20, 1e-20, 1e-20, 1e-20, 1e-20, 1e-20, 1e-20, 1e-20, 1e-20, 1e-20, 1e-20, 1e-20, 1e-20, 1e-20, 1e-20, 1e-20, 1e-20, 1e-20, 1e-20, 1e-20, 1e-20, 1e-20, 1e-20, 1e-20, 1e-20, 1e-20, 1e-20, 1e-20, 1e-20, 1e-20, 1e-20, 1e-20, 1e-20, 1e-20, 1e-20, 1e-20, 1e-20, 1e-20, 1e-20, 1e-20, 1e-20, 1e-20, 1e-20, 1e-20, 1e-20, 1e-20]
hard tap	2	[0.398623676421347, 0.3993514337580083, 0.397901611583672, 0.39844233772728044, 0.3957848425448098, 0.39754282323188517, 0.3969205621313648, 0.39852891652153977, 0.3989353093117536, 0.3984182519069196, 0.39849799773082384, 0.3981056917726552, 0.3994403484600362, 0.39993799772171357, 0.3987278041399179, 0.39814963867752395, 0.39875119150624533, 0.40010731948453204, 0.39885089657420736, 0.3981346932242714, 0.3979740846217158, 0.3977650682306496, 0.3977031148030081, 0.39814089361432903, 0.39789397316045133, 0.4009010838493427, 0.39506833416332154, 0.39447713226527636, 0.38697221350199484, 0.36804388078530953, 0.3421167420421497, 0.3216098333683233, 0.2999338275149405, 0.28018226826821546, 0.2604795438048741, 0.2447543015032287, 0.2343713450394248, 0.21966756492982953, 0.2133838022525381, 0.20787986055333207, 0.20345729429334863, 0.20199303408078095, 0.20486401435046178, 0.21218692394121486, 0.225896313509314, 0.24483128481822242, 0.2984043149248742, 0.34221156220255683, 0.39469252600200566, 0.3827687927550743, 0.3716135015865061, 0.381167007617241, 0.39202863455440223, 0.3912555967680379, 0.3926649974931504, 0.392253194057215, 0.3948057530527782, 0.38982793145859407, 0.3924864955997888, 0.39531433249086295]	[2.1041089805851514e-06, 3.2625535254795894e-06, 3.878911459941443e-06, 3.3202588623013244e-07, 4.237846469637219e-06, 7.256213034436004e-06, 2.1973576605460546e-07, 5.020587189392519e-07, 1.1570566413542527e-06, 2.0117357128668844e-07, 1.4308618313202958e-05, 3.2576460054354934e-06, 6.609131625657501e-06, 3.5237068807266535e-07, 1.693592055475163e-07, 1.4390553247100369e-05, 9.624614043804625e-06, 1.4056566233882594e-06, 6.113667259390712e-06, 3.5836781563891867e-06, 1.4137460407684045e-08, 2.1100142908012873e-06, 1.0725130944763501e-06, 1.7260081581345525e-06, 2.0112923038312262e-07, 1.2117354438758487e-07, 1.806536613574285e-05, 2.9326770455764634e-05, 3.3470752218546104e-06, 5.025389251344049e-05, 6.806389467327308e-05, 2.5176531341103942e-05, 6.538654819409067e-05, 3.252212273895992e-05, 3.4561392919914456e-05, 0.00016838600083942434, 0.00010167701010670515, 5.1779789745108035e-05, 2.9621972983024723e-05, 1.3903126837873631e-05, 2.2154410002957507e-05, 0.0001532787154774278, 2.50511351200749e-05, 4.772264951623574e-07, 0.0001660038770381788, 0.000670572964024679, 0.006461025867549069, 0.008546218550290127, 2.3030111572628796e-05, 2.0005834559602966e-05, 4.888547292136802e-05, 0.00011458690379917134, 4.180716516150681e-05, 4.961822319338089e-06, 9.695198004922067e-06, 3.428222249430389e-07, 5.454360409444921e-07, 4.0615653748601556e-07, 1.0180004878868006e-05, 2.4646458657579347e-07]
soft tap	2	[0.4006075278363495, 0.4001976641471482, 0.39866294593144075, 0.3982917967346758, 0.40227519756892016, 0.3981718920002169, 0.3975929123385826, 0.39949539231590275, 0.39909081952925135, 0.40001080100705705, 0.3995847619425799, 0.3999640443520406, 0.3989533298304963, 0.39958732420610926, 0.4020571514919668, 0.3978626356640296, 0.40034709601000457, 0.40179397433634434, 0.39880310267915803, 0.3995572791758734, 0.399275010120689, 0.40104274385775684, 0.40047432222414386, 0.4022523186223971, 0.4012947742032262, 0.39983566611326726, 0.3997360287363324, 0.3973078198565807, 0.3836774393785637, 0.3691836236557078, 0.3523834013529401, 0.33652121854663675, 0.32000578545690583, 0.3070227888858253, 0.3067842807355269, 0.32406547153830134, 0.36544609979097753, 0.392056391249752, 0.39208448483702785, 0.39438036785635433, 0.3909186550006257, 0.3962238789659829, 0.3961442281057424, 0.3972402955751292, 0.39646400006507326, 0.3950561444275107, 0.39776572921453157, 0.3963312245533317, 0.39715829964184146, 0.39879712439356874, 0.3972768974179482, 0.40032047474949783, 0.3956676717497353, 0.39661057872564776, 0.3985394512236483, 0.3995173222417623, 0.399778610882383, 0.39875390896916063, 0.39866490750804273, 0.4005627845868463]	[4.7007821876957535e-08, 2.738982789613421e-08, 6.756297890877413e-06, 4.102029739039847e-06, 1.5958339892253927e-06, 1.4905719714736696e-07, 3.2817555882784574e-07, 8.06707742243693e-07, 2.2658714219102642e-07, 3.3183793183437328e-06, 4.396495255397252e-06, 1.6157102678116645e-05, 3.02669242701592e-06, 3.0737160383112904e-06, 1.3984351325180127e-06, 1.115774951940499e-05, 9.424209033682473e-07, 8.428578774580647e-06, 5.608029781430715e-08, 3.030714143690257e-06, 5.7768661092338754e-06, 6.397224686487129e-06, 3.3461076602124965e-07, 1.5130041185826082e-05, 1.1762738108840143e-06, 4.802048274451013e-06, 2.0782346031931938e-05, 8.052398173810028e-06, 1.838208682101315e-06, 4.923696933697982e-06, 0.0003631583621921387, 0.00042857355553791723, 0.00021057557698792422, 0.0001514983017984386, 0.0003058471615367469, 0.00013534299086430659, 8.086944764450278e-06, 3.7260341986248267e-07, 2.802748788004765e-05, 2.6360295268734566e-06, 3.6661650667757036e-08, 1.2563294159224307e-05, 2.244609857081295e-05, 2.5271123816496683e-05, 1.2298532747778333e-06, 1.134097887221891e-05, 1.4968732252321408e-06, 1.076292376571161e-07, 2.153414281134194e-05, 7.990763133471005e-06, 9.300916187897545e-06, 2.641023985090442e-07, 2.8273077239279997e-06, 4.353101141513834e-06, 2.0967636810537026e-06, 2.1312160639279097e-06, 1.4916816147026435e-06, 4.5034458390858086e-06, 2.533583535741856e-06, 8.501900917925401e-07]
hard tap	3	[0.39961012483069824, 0.39967900670612516, 0.3987706443309529, 0.4009505592322558, 0.39695345215208605, 0.39962258092111974, 0.39867377059596726, 0.39908979305562625, 0.4003767918910233, 0.39896338762534317, 0.40024761225409805, 0.39924557020220325, 0.39990823633300754, 0.40090449214209994, 0.39939070127000836, 0.3992766668706382, 0.399799298634483, 0.3994279775390755, 0.3992616682361169, 0.3995390241651837, 0.4000385306000153, 0.3994960875240383, 0.3983745479995007, 0.3991785941223691, 0.397549833004798, 0.4019024366650068, 0.3974373719883449, 0.3978800862691911, 0.38687973166166917, 0.36033449107559884, 0.32962863044132035, 0.3037516771432089, 0.2839602930976454, 0.2676676293475552, 0.25214814302985206, 0.24105472648018936, 0.233547846347413, 0.22355204379282134, 0.22508495704495846, 0.22890024130799577, 0.2393590921471326, 0.2497539149396909, 0.2598692346579228, 0.2702182416547444, 0.2796133859929567, 0.2936099501726295, 0.32927616969791446, 0.3602071338666477, 0.3930553782155068, 0.3859030721346863, 0.37832664976877556, 0.3868157314486918, 0.39184191436615645, 0.3920927456506167, 0.3933966505592393, 0.3925059616791177, 0.395170896744051, 0.3914809921431914, 0.392768497934957, 0.3952228980943557]	[7.942591766454797e-06, 3.9063777435073285e-06, 8.410218955020446e-06, 3.8079076594354956e-05, 1.243173695494731e-05, 3.3208565310016854e-05, 1.8662175288177672e-05, 2.3895536378726165e-06, 1.362428879938346e-05, 1.9842112802941e-06, 3.267552419351428e-05, 1.1053583010329024e-05, 7.922645995699363e-06, 5.957039475900655e-06, 2.805954836040209e-06, 2.201170853554558e-05, 1.621578535737994e-05, 4.174689496528371e-06, 7.126067408758017e-06, 1.5416550506010582e-05, 2.5585760644310128e-05, 2.0088581055304347e-05, 3.777448318590785e-06, 8.186942224454164e-06, 9.11723910781369e-07, 6.137418313017866e-06, 5.173940743409026e-05, 9.880734617231791e-05, 3.398392566594804e-06, 0.0004068620306905968, 0.0010037814828018818, 0.0019386589939046639, 0.001596309358877166, 0.0009722192466259893, 0.0004510348261641376, 0.00025050713294600313, 0.00010574591068117595, 0.00014231484596728908, 0.0008511241138401108, 0.0026650415692640924, 0.007755788944806768, 0.013839889157991371, 0.018178496701553977, 0.020206280239906806, 0.01747914713431573, 0.014946722126568068, 0.01217945437031519, 0.010489262147394707, 3.911162882165863e-05, 7.894807793636776e-05, 0.0003192836240240161, 0.00030603538934317545, 4.2016351733697946e-05, 9.166731828955898e-06, 1.2907095259626014e-05, 7.26171049037304e-07, 1.3454155326021285e-06, 1.680181429925255e-05, 1.0657156781109826e-05, 2.966260797637393e-07]
soft tap	2	[0.4006075278363495, 0.4001976641471482, 0.39866294593144075, 0.3982917967346758, 0.40227519756892016, 0.3981718920002169, 0.3975929123385826, 0.39949539231590275, 0.39909081952925135, 0.40001080100705705, 0.3995847619425799, 0.3999640443520406, 0.3989533298304963, 0.39958732420610926, 0.4020571514919668, 0.3978626356640296, 0.40034709601000457, 0.40179397433634434, 0.39880310267915803, 0.3995572791758734, 0.399275010120689, 0.40104274385775684, 0.40047432222414386, 0.4022523186223971, 0.4012947742032262, 0.39983566611326726, 0.3997360287363324, 0.3973078198565807, 0.3836774393785637, 0.3691836236557078, 0.3523834013529401, 0.33652121854663675, 0.32000578545690583, 0.3070227888858253, 0.3067842807355269, 0.32406547153830134, 0.36544609979097753, 0.392056391249752, 0.39208448483702785, 0.39438036785635433, 0.3909186550006257, 0.3962238789659829, 0.3961442281057424, 0.3972402955751292, 0.39646400006507326, 0.3950561444275107, 0.39776572921453157, 0.3963312245533317, 0.39715829964184146, 0.39879712439356874, 0.3972768974179482, 0.40032047474949783, 0.3956676717497353, 0.39661057872564776, 0.3985394512236483, 0.3995173222417623, 0.399778610882383, 0.39875390896916063, 0.39866490750804273, 0.4005627845868463]	[4.7007821876957535e-08, 2.738982789613421e-08, 6.756297890877413e-06, 4.102029739039847e-06, 1.5958339892253927e-06, 1.4905719714736696e-07, 3.2817555882784574e-07, 8.06707742243693e-07, 2.2658714219102642e-07, 3.3183793183437328e-06, 4.396495255397252e-06, 1.6157102678116645e-05, 3.02669242701592e-06, 3.0737160383112904e-06, 1.3984351325180127e-06, 1.115774951940499e-05, 9.424209033682473e-07, 8.428578774580647e-06, 5.608029781430715e-08, 3.030714143690257e-06, 5.7768661092338754e-06, 6.397224686487129e-06, 3.3461076602124965e-07, 1.5130041185826082e-05, 1.1762738108840143e-06, 4.802048274451013e-06, 2.0782346031931938e-05, 8.052398173810028e-06, 1.838208682101315e-06, 4.923696933697982e-06, 0.0003631583621921387, 0.00042857355553791723, 0.00021057557698792422, 0.0001514983017984386, 0.0003058471615367469, 0.00013534299086430659, 8.086944764450278e-06, 3.7260341986248267e-07, 2.802748788004765e-05, 2.6360295268734566e-06, 3.6661650667757036e-08, 1.2563294159224307e-05, 2.244609857081295e-05, 2.5271123816496683e-05, 1.2298532747778333e-06, 1.134097887221891e-05, 1.4968732252321408e-06, 1.076292376571161e-07, 2.153414281134194e-05, 7.990763133471005e-06, 9.300916187897545e-06, 2.641023985090442e-07, 2.8273077239279997e-06, 4.353101141513834e-06, 2.0967636810537026e-06, 2.1312160639279097e-06, 1.4916816147026435e-06, 4.5034458390858086e-06, 2.533583535741856e-06, 8.501900917925401e-07]
hard tap	4	[0.3998394730649354, 0.3985937717665242, 0.39906841011074223, 0.40032223061990224, 0.3977163770436176, 0.3994749423264259, 0.3983192985941641, 0.4003456611668131, 0.3994574512126077, 0.3981441135254189, 0.39858032874286864, 0.39825539352085126, 0.3996129062115056, 0.40152607771280835, 0.3992708065108411, 0.4000380958784675, 0.3988175575754632, 0.3989152946157923, 0.3986880389828664, 0.39893543365297446, 0.40022335888115523, 0.3994516451279756, 0.39850880342949463, 0.39923654534221975, 0.3978580320758109, 0.4007423870393366, 0.397760584338704, 0.3976356268288284, 0.38548814575824153, 0.3575248827095633, 0.3251062490617547, 0.2991349477739009, 0.27734582062749147, 0.2600306073809954, 0.24800861608649397, 0.23832944672036804, 0.23260275629777305, 0.22437549563182388, 0.22689776030873, 0.23348967755396263, 0.25034659673352316, 0.27287582743795685, 0.29033180305943374, 0.2986000828431872, 0.3060293323246342, 0.31707710110502324, 0.3446406063073364, 0.36754941329820134, 0.39333972813240425, 0.38765228074064195, 0.38210444797204457, 0.3879091131433602, 0.3923568765341499, 0.3931591625408422, 0.3944208812189458, 0.3933576876752789, 0.39437751769703644, 0.3923105168419686, 0.3935718743348361, 0.3956543662535747]	[8.573799117027258e-06, 1.8039196233076122e-05, 9.474192470383043e-06, 4.2816638735580884e-05, 1.941638963636849e-05, 3.3470131165734974e-05, 2.0169980088925636e-05, 2.1316010190225332e-05, 2.3766536195260737e-05, 1.003873188997513e-05, 6.60335358753227e-05, 2.2818981333847385e-05, 8.969284563695925e-06, 1.0593462936454655e-05, 2.9784518753494036e-06, 2.896899814311275e-05, 2.7781571440964186e-05, 7.328814854443235e-06, 1.1074673650974678e-05, 1.9788408583159054e-05, 2.5995698566419755e-05, 2.011228257411789e-05, 3.993742564384849e-06, 8.227242351040243e-06, 2.0515639192594916e-06, 2.2285999921228128e-05, 5.299300211518604e-05, 9.952447118810685e-05, 2.66365284860154e-05, 0.0005015888207365605, 0.001249204682908784, 0.0021944292747378266, 0.002121324311578258, 0.0016721085008385905, 0.0006566630259415909, 0.0003396329301775043, 0.00011646425310431741, 0.000150451721141169, 0.0008905591819177992, 0.002917796669933625, 0.009204492029238204, 0.02025536320892097, 0.02931411358495476, 0.02987262715085865, 0.0258527737814925, 0.021555208201173064, 0.015012245318214525, 0.011136170954406891, 4.008188732453398e-05, 0.00011566484690215989, 0.0004905447351994884, 0.00032038119170600546, 4.519858414727204e-05, 2.281367163405551e-05, 2.5495676591020412e-05, 9.431417119478667e-06, 8.89881927950256e-06, 2.505914900983094e-05, 1.84021204597022e-05, 2.5306033488020735e-06]
soft tap	2	[0.4006075278363495, 0.4001976641471482, 0.39866294593144075, 0.3982917967346758, 0.40227519756892016, 0.3981718920002169, 0.3975929123385826, 0.39949539231590275, 0.39909081952925135, 0.40001080100705705, 0.3995847619425799, 0.3999640443520406, 0.3989533298304963, 0.39958732420610926, 0.4020571514919668, 0.3978626356640296, 0.40034709601000457, 0.40179397433634434, 0.39880310267915803, 0.3995572791758734, 0.399275010120689, 0.40104274385775684, 0.40047432222414386, 0.4022523186223971, 0.4012947742032262, 0.39983566611326726, 0.3997360287363324, 0.3973078198565807, 0.3836774393785637, 0.3691836236557078, 0.3523834013529401, 0.33652121854663675, 0.32000578545690583, 0.3070227888858253, 0.3067842807355269, 0.32406547153830134, 0.36544609979097753, 0.392056391249752, 0.39208448483702785, 0.39438036785635433, 0.3909186550006257, 0.3962238789659829, 0.3961442281057424, 0.3972402955751292, 0.39646400006507326, 0.3950561444275107, 0.39776572921453157, 0.3963312245533317, 0.39715829964184146, 0.39879712439356874, 0.3972768974179482, 0.40032047474949783, 0.3956676717497353, 0.39661057872564776, 0.3985394512236483, 0.3995173222417623, 0.399778610882383, 0.39875390896916063, 0.39866490750804273, 0.4005627845868463]	[4.7007821876957535e-08, 2.738982789613421e-08, 6.756297890877413e-06, 4.102029739039847e-06, 1.5958339892253927e-06, 1.4905719714736696e-07, 3.2817555882784574e-07, 8.06707742243693e-07, 2.2658714219102642e-07, 3.3183793183437328e-06, 4.396495255397252e-06, 1.6157102678116645e-05, 3.02669242701592e-06, 3.0737160383112904e-06, 1.3984351325180127e-06, 1.115774951940499e-05, 9.424209033682473e-07, 8.428578774580647e-06, 5.608029781430715e-08, 3.030714143690257e-06, 5.7768661092338754e-06, 6.397224686487129e-06, 3.3461076602124965e-07, 1.5130041185826082e-05, 1.1762738108840143e-06, 4.802048274451013e-06, 2.0782346031931938e-05, 8.052398173810028e-06, 1.838208682101315e-06, 4.923696933697982e-06, 0.0003631583621921387, 0.00042857355553791723, 0.00021057557698792422, 0.0001514983017984386, 0.0003058471615367469, 0.00013534299086430659, 8.086944764450278e-06, 3.7260341986248267e-07, 2.802748788004765e-05, 2.6360295268734566e-06, 3.6661650667757036e-08, 1.2563294159224307e-05, 2.244609857081295e-05, 2.5271123816496683e-05, 1.2298532747778333e-06, 1.134097887221891e-05, 1.4968732252321408e-06, 1.076292376571161e-07, 2.153414281134194e-05, 7.990763133471005e-06, 9.300916187897545e-06, 2.641023985090442e-07, 2.8273077239279997e-06, 4.353101141513834e-06, 2.0967636810537026e-06, 2.1312160639279097e-06, 1.4916816147026435e-06, 4.5034458390858086e-06, 2.533583535741856e-06, 8.501900917925401e-07]
hard tap	4	[0.3998394730649354, 0.3985937717665242, 0.39906841011074223, 0.40032223061990224, 0.3977163770436176, 0.3994749423264259, 0.3983192985941641, 0.4003456611668131, 0.3994574512126077, 0.3981441135254189, 0.39858032874286864, 0.39825539352085126, 0.3996129062115056, 0.40152607771280835, 0.3992708065108411, 0.4000380958784675, 0.3988175575754632, 0.3989152946157923, 0.3986880389828664, 0.39893543365297446, 0.40022335888115523, 0.3994516451279756, 0.39850880342949463, 0.39923654534221975, 0.3978580320758109, 0.4007423870393366, 0.397760584338704, 0.3976356268288284, 0.38548814575824153, 0.3575248827095633, 0.3251062490617547, 0.2991349477739009, 0.27734582062749147, 0.2600306073809954, 0.24800861608649397, 0.23832944672036804, 0.23260275629777305, 0.22437549563182388, 0.22689776030873, 0.23348967755396263, 0.25034659673352316, 0.27287582743795685, 0.29033180305943374, 0.2986000828431872, 0.3060293323246342, 0.31707710110502324, 0.3446406063073364, 0.36754941329820134, 0.39333972813240425, 0.38765228074064195, 0.38210444797204457, 0.3879091131433602, 0.3923568765341499, 0.3931591625408422, 0.3944208812189458, 0.3933576876752789, 0.39437751769703644, 0.3923105168419686, 0.3935718743348361, 0.3956543662535747]	[8.573799117027258e-06, 1.8039196233076122e-05, 9.474192470383043e-06, 4.2816638735580884e-05, 1.941638963636849e-05, 3.3470131165734974e-05, 2.0169980088925636e-05, 2.1316010190225332e-05, 2.3766536195260737e-05, 1.003873188997513e-05, 6.60335358753227e-05, 2.2818981333847385e-05, 8.969284563695925e-06, 1.0593462936454655e-05, 2.9784518753494036e-06, 2.896899814311275e-05, 2.7781571440964186e-05, 7.328814854443235e-06, 1.1074673650974678e-05, 1.9788408583159054e-05, 2.5995698566419755e-05, 2.011228257411789e-05, 3.993742564384849e-06, 8.227242351040243e-06, 2.0515639192594916e-06, 2.2285999921228128e-05, 5.299300211518604e-05, 9.952447118810685e-05, 2.66365284860154e-05, 0.0005015888207365605, 0.001249204682908784, 0.0021944292747378266, 0.002121324311578258, 0.0016721085008385905, 0.0006566630259415909, 0.0003396329301775043, 0.00011646425310431741, 0.000150451721141169, 0.0008905591819177992, 0.002917796669933625, 0.009204492029238204, 0.02025536320892097, 0.02931411358495476, 0.02987262715085865, 0.0258527737814925, 0.021555208201173064, 0.015012245318214525, 0.011136170954406891, 4.008188732453398e-05, 0.00011566484690215989, 0.0004905447351994884, 0.00032038119170600546, 4.519858414727204e-05, 2.281367163405551e-05, 2.5495676591020412e-05, 9.431417119478667e-06, 8.89881927950256e-06, 2.505914900983094e-05, 1.84021204597022e-05, 2.5306033488020735e-06]
soft tap	3	[0.399421934049843, 0.3991435289854375, 0.39737521362380174, 0.39918404338750063, 0.3997491598356591, 0.3987536553254345, 0.3983242378312862, 0.39745324703556517, 0.3986429785319831, 0.40072460876413646, 0.3997101860766574, 0.3998222014404896, 0.3979579583368181, 0.3984748153003928, 0.40095797395794747, 0.3995370382372892, 0.39988373089683904, 0.40129622949790184, 0.3976069687238966, 0.3995696095084172, 0.39890540599105506, 0.39995574285994256, 0.4001783675789054, 0.4013127222329154, 0.40066072851180595, 0.4003732330814229, 0.399760306817776, 0.3960127783741929, 0.3822045800746128, 0.3694006199916837, 0.3521641143756911, 0.3338779759359835, 0.3174492884881483, 0.304123406808114, 0.3061048853962336, 0.3237594602056452, 0.36474453923630756, 0.3879597707007958, 0.3933867416110129, 0.3959404213538706, 0.39433638543855726, 0.3963445757409552, 0.3966777322596939, 0.39667974558782443, 0.3977554368350396, 0.39617458475842965, 0.39823770913279705, 0.39657893327773824, 0.3979155570750212, 0.40011154352513856, 0.3978052962357482, 0.40154429374193534, 0.3978008750780788, 0.3982915452475071, 0.39981417274624476, 0.4008613477207881, 0.3999004410734072, 0.39963203766944555, 0.3995522072300346, 0.4006324260838083]	[8.480803581494698e-06, 6.69459546282564e-06, 1.6705824867702243e-05, 8.87865427590258e-06, 3.988103376837695e-05, 2.179748596556394e-06, 3.5371974164965855e-06, 2.582885181827462e-05, 1.4299564951963244e-06, 6.375508402743565e-06, 4.4908825358517445e-06, 1.627781914746024e-05, 8.971278889579053e-06, 1.049977243010188e-05, 8.647582640275282e-06, 2.797949338343526e-05, 2.230664271961908e-06, 9.915078319757713e-06, 8.640498931389523e-06, 3.0316263662941043e-06, 6.596509385088846e-06, 1.3486651701981669e-05, 8.601456782507535e-07, 2.0427089436587083e-05, 3.5883574437355076e-06, 6.535917745963547e-06, 2.078588258336343e-05, 1.8115192820441422e-05, 1.4854095857509923e-05, 5.2062213926598165e-06, 0.0003634468828624847, 0.00047049394453055717, 0.0002497896374955238, 0.00020193680039375995, 0.0003086166296990676, 0.0001359048484785905, 1.104006803566307e-05, 0.00010106640295264412, 3.820272411238798e-05, 1.7238631017549675e-05, 7.012194972884972e-05, 1.2650700428156716e-05, 2.4153858664513716e-05, 2.7156421546101034e-05, 1.123670685970487e-05, 1.8846431515174618e-05, 2.833463484707447e-06, 4.757869105397619e-07, 2.4974775731977828e-05, 1.8356949054091227e-05, 1.0976148051812337e-05, 9.250499956013598e-06, 3.013064636426451e-05, 2.130699182718468e-05, 1.184625344207694e-05, 1.296964299355168e-05, 1.5807371873726624e-06, 9.130105924670296e-06, 7.257388315622636e-06, 8.792897203871349e-07]
hard tap	4	[0.3998394730649354, 0.3985937717665242, 0.39906841011074223, 0.40032223061990224, 0.3977163770436176, 0.3994749423264259, 0.3983192985941641, 0.4003456611668131, 0.3994574512126077, 0.3981441135254189, 0.39858032874286864, 0.39825539352085126, 0.3996129062115056, 0.40152607771280835, 0.3992708065108411, 0.4000380958784675, 0.3988175575754632, 0.3989152946157923, 0.3986880389828664, 0.39893543365297446, 0.40022335888115523, 0.3994516451279756, 0.39850880342949463, 0.39923654534221975, 0.3978580320758109, 0.4007423870393366, 0.397760584338704, 0.3976356268288284, 0.38548814575824153, 0.3575248827095633, 0.3251062490617547, 0.2991349477739009, 0.27734582062749147, 0.2600306073809954, 0.24800861608649397, 0.23832944672036804, 0.23260275629777305, 0.22437549563182388, 0.22689776030873, 0.23348967755396263, 0.25034659673352316, 0.27287582743795685, 0.29033180305943374, 0.2986000828431872, 0.3060293323246342, 0.31707710110502324, 0.3446406063073364, 0.36754941329820134, 0.39333972813240425, 0.38765228074064195, 0.38210444797204457, 0.3879091131433602, 0.3923568765341499, 0.3931591625408422, 0.3944208812189458, 0.3933576876752789, 0.39437751769703644, 0.3923105168419686, 0.3935718743348361, 0.3956543662535747]	[8.573799117027258e-06, 1.8039196233076122e-05, 9.474192470383043e-06, 4.2816638735580884e-05, 1.941638963636849e-05, 3.3470131165734974e-05, 2.0169980088925636e-05, 2.1316010190225332e-05, 2.3766536195260737e-05, 1.003873188997513e-05, 6.60335358753227e-05, 2.2818981333847385e-05, 8.969284563695925e-06, 1.0593462936454655e-05, 2.9784518753494036e-06, 2.896899814311275e-05, 2.7781571440964186e-05, 7.328814854443235e-06, 1.1074673650974678e-05, 1.9788408583159054e-05, 2.5995698566419755e-05, 2.011228257411789e-05, 3.993742564384849e-06, 8.227242351040243e-06, 2.0515639192594916e-06, 2.2285999921228128e-05, 5.299300211518604e-05, 9.952447118810685e-05, 2.66365284860154e-05, 0.0005015888207365605, 0.001249204682908784, 0.0021944292747378266, 0.002121324311578258, 0.0016721085008385905, 0.0006566630259415909, 0.0003396329301775043, 0.00011646425310431741, 0.000150451721141169, 0.0008905591819177992, 0.002917796669933625, 0.009204492029238204, 0.02025536320892097, 0.02931411358495476, 0.02987262715085865, 0.0258527737814925, 0.021555208201173064, 0.015012245318214525, 0.011136170954406891, 4.008188732453398e-05, 0.00011566484690215989, 0.0004905447351994884, 0.00032038119170600546, 4.519858414727204e-05, 2.281367163405551e-05, 2.5495676591020412e-05, 9.431417119478667e-06, 8.89881927950256e-06, 2.505914900983094e-05, 1.84021204597022e-05, 2.5306033488020735e-06]
soft tap	4	[0.40078146544509724, 0.40005304336750325, 0.39813659033478943, 0.39930830398971817, 0.39995918552917553, 0.39966831469378494, 0.3997628762541695, 0.3987229317156088, 0.3995193828631195, 0.400600035023148, 0.39956614836705573, 0.4001541556073797, 0.39894878442923193, 0.40067455748783126, 0.39972257409550666, 0.39986891787369705, 0.40036082021432173, 0.4013719146686824, 0.3987376036569279, 0.39999806121020853, 0.3993523885115855, 0.4008428037449491, 0.4007988354529898, 0.40182589664636725, 0.4010893788951248, 0.4011198728852363, 0.4005145643363284, 0.39937147490785285, 0.3859623861497289, 0.37125387191416837, 0.3548130686535639, 0.3376140875103433, 0.31964713241340786, 0.30667042284148194, 0.3051339551456006, 0.31662658689106093, 0.3476782813224097, 0.36842756861687465, 0.391302332116934, 0.39022898135064543, 0.3906762289123089, 0.3954505978500674, 0.39655280801157844, 0.39687785771020545, 0.3959684016802946, 0.39576368781117377, 0.3974802536693389, 0.39683787100712675, 0.39798357506734555, 0.39969034339266973, 0.39880549892973827, 0.40128092644646546, 0.397705159009166, 0.3983890021113314, 0.39967377980287194, 0.4004920254184503, 0.4002759837183405, 0.39857453688702454, 0.39932002969342617, 0.40084083431452433]	[3.0660710957678086e-05, 1.6621192397039705e-05, 2.366215882011579e-05, 9.06394264306417e-06, 4.041036327162147e-05, 1.2218969717891227e-05, 2.837336355805034e-05, 4.5174042059125413e-05, 1.0646971114812213e-05, 6.561731806069866e-06, 4.73984487729932e-06, 1.7600141974448932e-05, 2.075211503447558e-05, 6.856616072446028e-05, 2.6962136481700592e-05, 2.9301222500181483e-05, 4.962034874234759e-06, 9.98381726067077e-06, 2.398052315287692e-05, 5.234476695509053e-06, 8.994029869005927e-06, 2.2929175866484848e-05, 5.479910271500866e-06, 2.3587265180046683e-05, 5.793251257168288e-06, 1.3225569705626244e-05, 2.7612735434877093e-05, 0.0001534853016830746, 0.00018430737383566594, 4.642073365097474e-05, 0.0004476503880576064, 0.0006379963008833404, 0.00030775585253312845, 0.0002797842884845578, 0.0003199290963181986, 0.0007464394291414942, 0.0035061259782398387, 0.004679149421918254, 9.033987938046458e-05, 0.00040868519394283406, 0.0002308828992885074, 2.2241058060911763e-05, 2.4341131477720078e-05, 2.762740250251256e-05, 4.9558642591238143e-05, 2.0872467130345025e-05, 9.718328834177286e-06, 1.2803718829501799e-06, 2.5030293099335878e-05, 2.0485863673192288e-05, 2.298101320059243e-05, 1.0082847943891163e-05, 3.0240585154442013e-05, 2.1420965910862265e-05, 1.2082775584663578e-05, 1.4606430549600689e-05, 3.2731245253349032e-06, 2.254980078252236e-05, 7.904265217689311e-06, 1.400497607949551e-06]
hard tap	5	[0.40086990215135787, 0.39804732042613605, 0.39895415144442514, 0.4007112460209134, 0.3981627011781753, 0.39950260428876566, 0.39941997903473075, 0.40142979733044665, 0.39837856284904527, 0.3986663698369872, 0.3985062147022719, 0.3987634107703186, 0.3999670424921045, 0.40075816998298075, 0.3994632010994267, 0.40045698984819367, 0.39897935033590076, 0.3992383962497529, 0.3988925970390087, 0.3993820729693347, 0.400473776600089, 0.4002163618644623, 0.3993551668502454, 0.39986547816484386, 0.3983524748465796, 0.4012357962014169, 0.39874944422709635, 0.39717672024815204, 0.38382542389104113, 0.3578806614136042, 0.3273858681348475, 0.30278506167418706, 0.2815540426659252, 0.2629515224784997, 0.2505826116463251, 0.24048305179894114, 0.23429073611778603, 0.22706859138467256, 0.2284953952304361, 0.23404938196281452, 0.2481718554967794, 0.2669243527941509, 0.2877074544575404, 0.30234019792982914, 0.314643742773095, 0.3304740755948571, 0.35276660408073063, 0.3717335855543753, 0.39287865300162633, 0.3888633623662476, 0.3843827408008387, 0.38927562905590507, 0.3931097827515512, 0.39359793641064444, 0.39426812703973313, 0.3938718887736178, 0.39461313057699365, 0.39306445070164175, 0.3937684114375234, 0.39629395247178534]	[2.9809481159935034e-05, 2.4011377581316576e-05, 9.73529332695442e-06, 4.584329838005779e-05, 2.34004942981418e-05, 3.3485434848944744e-05, 4.439992873384649e-05, 4.482303461618576e-05, 4.704653821586845e-05, 1.5493764989433645e-05, 6.614339369559423e-05, 2.7980611848975334e-05, 1.1477534668425096e-05, 2.2387108567035354e-05, 3.718765429689686e-06, 3.2478441300571426e-05, 2.830510938756425e-05, 9.416708171802923e-06, 1.1911553617628832e-05, 2.3778142161534167e-05, 2.7249879245539517e-05, 3.1808116315374613e-05, 1.8320363364085495e-05, 1.613837225851907e-05, 6.941036990569023e-06, 2.7155051945723436e-05, 7.25498796926119e-05, 0.00010373637618386876, 8.192940863934148e-05, 0.0005041203904615416, 0.001353137945276947, 0.002460895904439071, 0.0024755069660734527, 0.0018427434009751558, 0.0007891720887822055, 0.0004323932268666203, 0.00017344977055973722, 0.00029550701582140487, 0.0009416079287788953, 0.0029240620504393904, 0.009299082018174082, 0.020963764217638278, 0.02945185769663995, 0.03015239636808519, 0.027336935128983518, 0.025144786710798235, 0.016332882114478687, 0.011486316903793606, 4.433369284897153e-05, 0.00014499922097975239, 0.0005943570994741801, 0.00035772850649077307, 5.6535939591300794e-05, 2.66641218104794e-05, 2.5962353376359187e-05, 1.4719472510136713e-05, 1.0009087863537332e-05, 3.642747430506477e-05, 1.9174657114356665e-05, 1.0712013959300922e-05]
soft tap	4	[0.40078146544509724, 0.40005304336750325, 0.39813659033478943, 0.39930830398971817, 0.39995918552917553, 0.39966831469378494, 0.3997628762541695, 0.3987229317156088, 0.3995193828631195, 0.400600035023148, 0.39956614836705573, 0.4001541556073797, 0.39894878442923193, 0.40067455748783126, 0.39972257409550666, 0.39986891787369705, 0.40036082021432173, 0.4013719146686824, 0.3987376036569279, 0.39999806121020853, 0.3993523885115855, 0.4008428037449491, 0.4007988354529898, 0.40182589664636725, 0.4010893788951248, 0.4011198728852363, 0.4005145643363284, 0.39937147490785285, 0.3859623861497289, 0.37125387191416837, 0.3548130686535639, 0.3376140875103433, 0.31964713241340786, 0.30667042284148194, 0.3051339551456006, 0.31662658689106093, 0.3476782813224097, 0.36842756861687465, 0.391302332116934, 0.39022898135064543, 0.3906762289123089, 0.3954505978500674, 0.39655280801157844, 0.39687785771020545, 0.3959684016802946, 0.39576368781117377, 0.3974802536693389, 0.39683787100712675, 0.39798357506734555, 0.39969034339266973, 0.39880549892973827, 0.40128092644646546, 0.397705159009166, 0.3983890021113314, 0.39967377980287194, 0.4004920254184503, 0.4002759837183405, 0.39857453688702454, 0.39932002969342617, 0.40084083431452433]	[3.0660710957678086e-05, 1.6621192397039705e-05, 2.366215882011579e-05, 9.06394264306417e-06, 4.041036327162147e-05, 1.2218969717891227e-05, 2.837336355805034e-05, 4.5174042059125413e-05, 1.0646971114812213e-05, 6.561731806069866e-06, 4.73984487729932e-06, 1.7600141974448932e-05, 2.075211503447558e-05, 6.856616072446028e-05, 2.6962136481700592e-05, 2.9301222500181483e-05, 4.962034874234759e-06, 9.98381726067077e-06, 2.398052315287692e-05, 5.234476695509053e-06, 8.994029869005927e-06, 2.2929175866484848e-05, 5.479910271500866e-06, 2.3587265180046683e-05, 5.793251257168288e-06, 1.3225569705626244e-05, 2.7612735434877093e-05, 0.0001534853016830746, 0.00018430737383566594, 4.642073365097474e-05, 0.0004476503880576064, 0.0006379963008833404, 0.00030775585253312845, 0.0002797842884845578, 0.0003199290963181986, 0.0007464394291414942, 0.0035061259782398387, 0.004679149421918254, 9.033987938046458e-05, 0.00040868519394283406, 0.0002308828992885074, 2.2241058060911763e-05, 2.4341131477720078e-05, 2.762740250251256e-05, 4.9558642591238143e-05, 2.0872467130345025e-05, 9.718328834177286e-06, 1.2803718829501799e-06, 2.5030293099335878e-05, 2.0485863673192288e-05, 2.298101320059243e-05, 1.0082847943891163e-05, 3.0240585154442013e-05, 2.1420965910862265e-05, 1.2082775584663578e-05, 1.4606430549600689e-05, 3.2731245253349032e-06, 2.254980078252236e-05, 7.904265217689311e-06, 1.400497607949551e-06]
hard tap	5	[0.40086990215135787, 0.39804732042613605, 0.39895415144442514, 0.4007112460209134, 0.3981627011781753, 0.39950260428876566, 0.39941997903473075, 0.40142979733044665, 0.39837856284904527, 0.3986663698369872, 0.3985062147022719, 0.3987634107703186, 0.3999670424921045, 0.40075816998298075, 0.3994632010994267, 0.40045698984819367, 0.39897935033590076, 0.3992383962497529, 0.3988925970390087, 0.3993820729693347, 0.400473776600089, 0.4002163618644623, 0.3993551668502454, 0.39986547816484386, 0.3983524748465796, 0.4012357962014169, 0.39874944422709635, 0.39717672024815204, 0.38382542389104113, 0.3578806614136042, 0.3273858681348475, 0.30278506167418706, 0.2815540426659252, 0.2629515224784997, 0.2505826116463251, 0.24048305179894114, 0.23429073611778603, 0.22706859138467256, 0.2284953952304361, 0.23404938196281452, 0.2481718554967794, 0.2669243527941509, 0.2877074544575404, 0.30234019792982914, 0.314643742773095, 0.3304740755948571, 0.35276660408073063, 0.3717335855543753, 0.39287865300162633, 0.3888633623662476, 0.3843827408008387, 0.38927562905590507, 0.3931097827515512, 0.39359793641064444, 0.39426812703973313, 0.3938718887736178, 0.39461313057699365, 0.39306445070164175, 0.3937684114375234, 0.39629395247178534]	[2.9809481159935034e-05, 2.4011377581316576e-05, 9.73529332695442e-06, 4.584329838005779e-05, 2.34004942981418e-05, 3.3485434848944744e-05, 4.439992873384649e-05, 4.482303461618576e-05, 4.704653821586845e-05, 1.5493764989433645e-05, 6.614339369559423e-05, 2.7980611848975334e-05, 1.1477534668425096e-05, 2.2387108567035354e-05, 3.718765429689686e-06, 3.2478441300571426e-05, 2.830510938756425e-05, 9.416708171802923e-06, 1.1911553617628832e-05, 2.3778142161534167e-05, 2.7249879245539517e-05, 3.1808116315374613e-05, 1.8320363364085495e-05, 1.613837225851907e-05, 6.941036990569023e-06, 2.7155051945723436e-05, 7.25498796926119e-05, 0.00010373637618386876, 8.192940863934148e-05, 0.0005041203904615416, 0.001353137945276947, 0.002460895904439071, 0.0024755069660734527, 0.0018427434009751558, 0.0007891720887822055, 0.0004323932268666203, 0.00017344977055973722, 0.00029550701582140487, 0.0009416079287788953, 0.0029240620504393904, 0.009299082018174082, 0.020963764217638278, 0.02945185769663995, 0.03015239636808519, 0.027336935128983518, 0.025144786710798235, 0.016332882114478687, 0.011486316903793606, 4.433369284897153e-05, 0.00014499922097975239, 0.0005943570994741801, 0.00035772850649077307, 5.6535939591300794e-05, 2.66641218104794e-05, 2.5962353376359187e-05, 1.4719472510136713e-05, 1.0009087863537332e-05, 3.642747430506477e-05, 1.9174657114356665e-05, 1.0712013959300922e-05]
soft tap	5	[0.39976926692154335, 0.4005823010162981, 0.3983515644419404, 0.39928801522359936, 0.39968774409222213, 0.3988455673334913, 0.3999347737077116, 0.3986802764831461, 0.39960523351148663, 0.400709308272121, 0.40068274860864905, 0.40017517780082396, 0.39931324707761073, 0.4008065823156177, 0.3998418029249676, 0.3993099413341002, 0.40046524473470113, 0.4004421066518031, 0.39888604206717604, 0.40079023236168754, 0.39943261682687514, 0.3997572567310129, 0.40076491239199824, 0.40154936994538265, 0.40104688028883795, 0.4017766743559987, 0.40014924895338017, 0.39973306759100075, 0.3876401714083777, 0.3715143043812363, 0.3546385759840955, 0.33769926618171214, 0.3206779095863367, 0.3072658253958004, 0.3021192724142827, 0.31021966575033416, 0.33411848941639233, 0.35153027075990456, 0.3728487313230381, 0.3794836874336974, 0.3911290398666062, 0.39398878721831704, 0.39407206207893003, 0.395498255861556, 0.3954923118354428, 0.3962189743447041, 0.39750231357217103, 0.3975869639971178, 0.3981420877109379, 0.399500526405111, 0.3983499456819984, 0.3992169060983011, 0.3987010441270602, 0.3988197826171459, 0.39963834058468584, 0.40046404484886045, 0.40035769884779304, 0.3985864837367885, 0.39859352092618405, 0.4005808699700834]	[5.1151627979370936e-05, 2.222346557319769e-05, 2.4586436155023195e-05, 9.07217532367666e-06, 4.188397234552775e-05, 2.5757234095293488e-05, 2.8964338248735555e-05, 4.521043143625441e-05, 1.0794377791313367e-05, 6.8005446648921135e-06, 2.9675766867823596e-05, 1.7608980626793084e-05, 2.3408775475741974e-05, 6.891477182750109e-05, 2.7246446757193377e-05, 3.5550317936575555e-05, 5.180124483364001e-06, 2.727467622572953e-05, 2.4421202385616833e-05, 1.7785179360218897e-05, 9.122761520490176e-06, 4.6497422255802723e-05, 5.502925752841491e-06, 2.511660550719552e-05, 5.829373887894898e-06, 2.185333314553949e-05, 3.028184201524961e-05, 0.00015610028705319626, 0.000240606641318452, 4.7777235049036766e-05, 0.00044825934189157056, 0.0006381414090044638, 0.0003290058841377506, 0.00028687437251833525, 0.000501695335728324, 0.0015674121992113178, 0.007183485108929737, 0.010389522919261554, 0.006901047524589987, 0.0027179120211748417, 0.0002349836544951396, 6.497886452288225e-05, 0.00014742313912475508, 6.569342771845073e-05, 5.4091873398659075e-05, 2.5018183682625862e-05, 9.728061620436558e-06, 1.2503178036024517e-05, 2.5532818262908557e-05, 2.1206473448509564e-05, 2.713158843112019e-05, 9.52864478966182e-05, 5.007632851530686e-05, 2.5132402794657694e-05, 1.2107894348376427e-05, 1.4622088795092174e-05, 3.406671772963899e-06, 2.255265532690801e-05, 1.8460564995282184e-05, 2.752126815561254e-06]
hard tap	5	[0.40086990215135787, 0.39804732042613605, 0.39895415144442514, 0.4007112460209134, 0.3981627011781753, 0.39950260428876566, 0.39941997903473075, 0.40142979733044665, 0.39837856284904527, 0.3986663698369872, 0.3985062147022719, 0.3987634107703186, 0.3999670424921045, 0.40075816998298075, 0.3994632010994267, 0.40045698984819367, 0.39897935033590076, 0.3992383962497529, 0.3988925970390087, 0.3993820729693347, 0.400473776600089, 0.4002163618644623, 0.3993551668502454, 0.39986547816484386, 0.3983524748465796, 0.4012357962014169, 0.39874944422709635, 0.39717672024815204, 0.38382542389104113, 0.3578806614136042, 0.3273858681348475, 0.30278506167418706, 0.2815540426659252, 0.2629515224784997, 0.2505826116463251, 0.24048305179894114, 0.23429073611778603, 0.22706859138467256, 0.2284953952304361, 0.23404938196281452, 0.2481718554967794, 0.2669243527941509, 0.2877074544575404, 0.30234019792982914, 0.314643742773095, 0.3304740755948571, 0.35276660408073063, 0.3717335855543753, 0.39287865300162633, 0.3888633623662476, 0.3843827408008387, 0.38927562905590507, 0.3931097827515512, 0.39359793641064444, 0.39426812703973313, 0.3938718887736178, 0.39461313057699365, 0.39306445070164175, 0.3937684114375234, 0.39629395247178534]	[2.9809481159935034e-05, 2.4011377581316576e-05, 9.73529332695442e-06, 4.584329838005779e-05, 2.34004942981418e-05, 3.3485434848944744e-05, 4.439992873384649e-05, 4.482303461618576e-05, 4.704653821586845e-05, 1.5493764989433645e-05, 6.614339369559423e-05, 2.7980611848975334e-05, 1.1477534668425096e-05, 2.2387108567035354e-05, 3.718765429689686e-06, 3.2478441300571426e-05, 2.830510938756425e-05, 9.416708171802923e-06, 1.1911553617628832e-05, 2.3778142161534167e-05, 2.7249879245539517e-05, 3.1808116315374613e-05, 1.8320363364085495e-05, 1.613837225851907e-05, 6.941036990569023e-06, 2.7155051945723436e-05, 7.25498796926119e-05, 0.00010373637618386876, 8.192940863934148e-05, 0.0005041203904615416, 0.001353137945276947, 0.002460895904439071, 0.0024755069660734527, 0.0018427434009751558, 0.0007891720887822055, 0.0004323932268666203, 0.00017344977055973722, 0.00029550701582140487, 0.0009416079287788953, 0.0029240620504393904, 0.009299082018174082, 0.020963764217638278, 0.02945185769663995, 0.03015239636808519, 0.027336935128983518, 0.025144786710798235, 0.016332882114478687, 0.011486316903793606, 4.433369284897153e-05, 0.00014499922097975239, 0.0005943570994741801, 0.00035772850649077307, 5.6535939591300794e-05, 2.66641218104794e-05, 2.5962353376359187e-05, 1.4719472510136713e-05, 1.0009087863537332e-05, 3.642747430506477e-05, 1.9174657114356665e-05, 1.0712013959300922e-05]
soft tap	6	[0.4000586993975581, 0.39998129410003685, 0.3982331195715931, 0.39953598243062877, 0.4008905095432047, 0.39923770277900533, 0.40010172762372104, 0.3981303899420301, 0.40007535135760114, 0.4010180052831607, 0.40030699346023413, 0.40018642369336344, 0.4002748685628885, 0.4001936100644976, 0.40027282500365474, 0.39934769164928213, 0.40070468205099763, 0.400844442670389, 0.39904060124008695, 0.4010042854988853, 0.3999926649840959, 0.4015603889677499, 0.40071837762244994, 0.4014343658828539, 0.40168156936239857, 0.4017838357228812, 0.4001173467024111, 0.3979909803153568, 0.3855652558544264, 0.37007412488154007, 0.3534905488092239, 0.3368645027377488, 0.31983400610812873, 0.3067728029356957, 0.3012223161995895, 0.3076713723869579, 0.3278180935723413, 0.34478119826825315, 0.36495772310459446, 0.3815591818841679, 0.39014530056943597, 0.3919900160199592, 0.3938544159624054, 0.3960609377216853, 0.39546066803011454, 0.3960993262134275, 0.3975939986763993, 0.39778629830276585, 0.3988064563095152, 0.39942095029908975, 0.39911168150735055, 0.40009309684117644, 0.3987101885065436, 0.3987760394011149, 0.4002442977277476, 0.4008331213315693, 0.4004542452946091, 0.39862664405213694, 0.3994068674756135, 0.40026914809087605]	[5.366476272453218e-05, 3.3059744975013356e-05, 2.5007311774371033e-05, 1.0916807396535184e-05, 8.528331424784903e-05, 3.037034032414738e-05, 2.9800546550861964e-05, 5.4281687679268447e-05, 1.7424701468372142e-05, 9.65936000363809e-06, 3.3911524814633484e-05, 1.7612774729763344e-05, 5.11502519041788e-05, 8.018682124679852e-05, 3.2819847726665976e-05, 3.55930705254657e-05, 6.900031336422371e-06, 3.213090438127598e-05, 2.513785852354422e-05, 1.9159741726544795e-05, 1.8532379672682665e-05, 0.00014403599815060735, 5.567890296148782e-06, 2.55133835391387e-05, 1.7914280490814506e-05, 2.185487170080827e-05, 3.031237462375634e-05, 0.0002471463293320062, 0.00036976487799932853, 0.00011000074478939395, 0.00048779833371888045, 0.0006590463092257887, 0.0003503710765536955, 0.00029416650690336586, 0.0005258312492606267, 0.0017622261711861447, 0.008374334742681797, 0.011756022304188547, 0.008769087845696305, 0.0028471423375928495, 0.00026401594463904996, 0.00018483145362442494, 0.00014884423408590252, 7.519175399000816e-05, 5.412191331112867e-05, 2.5447653942165655e-05, 9.980246370557106e-06, 1.3695202998271049e-05, 3.877438730617531e-05, 2.1396444147994926e-05, 4.4538832459866935e-05, 0.00011831775443363226, 5.007883710559095e-05, 2.5189806863119686e-05, 2.3123416125206296e-05, 1.8708612297753384e-05, 3.686308264747907e-06, 2.2601040854774634e-05, 3.830654327934493e-05, 5.667242714858113e-06]
hard tap	6	[0.40029818241735876, 0.3984571051788226, 0.39901444539465186, 0.39992569472226885, 0.39777963333191724, 0.39887479131256454, 0.39958756169102205, 0.40135236568158805, 0.39839516860644536, 0.39879872319167675, 0.3982136873678337, 0.3984596136361063, 0.4003871019827528, 0.4006981113921875, 0.39954150101693503, 0.40023997284003077, 0.3996297046772939, 0.3992503285605467, 0.3986239303665731, 0.3996557830285246, 0.4000701740571347, 0.4002631392395514, 0.3996290682052121, 0.3999431396909457, 0.3985223360321209, 0.4010102804640292, 0.3985714810068277, 0.39745105828004107, 0.385771570931984, 0.35882665103872563, 0.32843708987259584, 0.3040158749920281, 0.27994912134788275, 0.2616643477491382, 0.24821812119151668, 0.23801310031063797, 0.23193719112808173, 0.22488508508110291, 0.22619658152213473, 0.2311999877851442, 0.24303293792499128, 0.26245086694551817, 0.289506477026011, 0.3176411354096903, 0.32735792790163204, 0.33958525670902867, 0.35750666965707456, 0.37378696129149036, 0.3914516440431423, 0.3896561109958024, 0.385318114213804, 0.38877168037464976, 0.39350747116502044, 0.3940819103995849, 0.39461235245508325, 0.3933479232512546, 0.3946853287270544, 0.3934469330258667, 0.39380747949930045, 0.3966110887021656]	[3.961538478725577e-05, 2.9049083887348344e-05, 9.844354139972648e-06, 6.435602366412478e-05, 2.780272354324471e-05, 4.530990884154057e-05, 4.524244713453581e-05, 4.5002904423534675e-05, 4.705481075123339e-05, 1.60192873043609e-05, 6.871056093739919e-05, 3.07493928116432e-05, 1.677103393893619e-05, 2.2495319596877582e-05, 3.902691742144075e-06, 3.389133275553112e-05, 4.0993932468634e-05, 9.42097957302936e-06, 1.407700704395656e-05, 2.602565805658738e-05, 3.213672962591375e-05, 3.1873759999981443e-05, 2.0571021931662788e-05, 1.631931163761334e-05, 7.806621661173673e-06, 2.8680772380009607e-05, 7.350000692566409e-05, 0.0001059942168560922, 0.00019555405778845495, 0.0005309672815866646, 0.0013862899595343857, 0.0025063429471403158, 0.00255278013918667, 0.00189244796449236, 0.000956896542108612, 0.0006154130375037523, 0.0003396249911166056, 0.00043853800915325924, 0.0011001442627431204, 0.003167633465831637, 0.01009133623246306, 0.021564126486775803, 0.029548952162695947, 0.0371759570009638, 0.032186450233464906, 0.02763519534965532, 0.017006928764519896, 0.011612807461326794, 0.00010542432987678459, 0.00016385273266958505, 0.0006206048021246555, 0.00036534743469094255, 6.128062181753257e-05, 3.36910464696078e-05, 2.9517087473546993e-05, 2.295566856889721e-05, 1.0165465049703013e-05, 4.081625615540018e-05, 1.922044651788722e-05, 1.372927561789411e-05]
soft tap	6	[0.4000586993975581, 0.39998129410003685, 0.3982331195715931, 0.39953598243062877, 0.4008905095432047, 0.39923770277900533, 0.40010172762372104, 0.3981303899420301, 0.40007535135760114, 0.4010180052831607, 0.40030699346023413, 0.40018642369336344, 0.4002748685628885, 0.4001936100644976, 0.40027282500365474, 0.39934769164928213, 0.40070468205099763, 0.400844442670389, 0.39904060124008695, 0.4010042854988853, 0.3999926649840959, 0.4015603889677499, 0.40071837762244994, 0.4014343658828539, 0.40168156936239857, 0.4017838357228812, 0.4001173467024111, 0.3979909803153568, 0.3855652558544264, 0.37007412488154007, 0.3534905488092239, 0.3368645027377488, 0.31983400610812873, 0.3067728029356957, 0.3012223161995895, 0.3076713723869579, 0.3278180935723413, 0.34478119826825315, 0.36495772310459446, 0.3815591818841679, 0.39014530056943597, 0.3919900160199592, 0.3938544159624054, 0.3960609377216853, 0.39546066803011454, 0.3960993262134275, 0.3975939986763993, 0.39778629830276585, 0.3988064563095152, 0.39942095029908975, 0.39911168150735055, 0.40009309684117644, 0.3987101885065436, 0.3987760394011149, 0.4002442977277476, 0.4008331213315693, 0.4004542452946091, 0.39862664405213694, 0.3994068674756135, 0.40026914809087605]	[5.366476272453218e-05, 3.3059744975013356e-05, 2.5007311774371033e-05, 1.0916807396535184e-05, 8.528331424784903e-05, 3.037034032414738e-05, 2.9800546550861964e-05, 5.4281687679268447e-05, 1.7424701468372142e-05, 9.65936000363809e-06, 3.3911524814633484e-05, 1.7612774729763344e-05, 5.11502519041788e-05, 8.018682124679852e-05, 3.2819847726665976e-05, 3.55930705254657e-05, 6.900031336422371e-06, 3.213090438127598e-05, 2.513785852354422e-05, 1.9159741726544795e-05, 1.8532379672682665e-05, 0.00014403599815060735, 5.567890296148782e-06, 2.55133835391387e-05, 1.7914280490814506e-05, 2.185487170080827e-05, 3.031237462375634e-05, 0.0002471463293320062, 0.00036976487799932853, 0.00011000074478939395, 0.00048779833371888045, 0.0006590463092257887, 0.0003503710765536955, 0.00029416650690336586, 0.0005258312492606267, 0.0017622261711861447, 0.008374334742681797, 0.011756022304188547, 0.008769087845696305, 0.0028471423375928495, 0.00026401594463904996, 0.00018483145362442494, 0.00014884423408590252, 7.519175399000816e-05, 5.412191331112867e-05, 2.5447653942165655e-05, 9.980246370557106e-06, 1.3695202998271049e-05, 3.877438730617531e-05, 2.1396444147994926e-05, 4.4538832459866935e-05, 0.00011831775443363226, 5.007883710559095e-05, 2.5189806863119686e-05, 2.3123416125206296e-05, 1.8708612297753384e-05, 3.686308264747907e-06, 2.2601040854774634e-05, 3.830654327934493e-05, 5.667242714858113e-06]
hard tap	7	[0.4007875177034979, 0.39951414713493655, 0.39978201158685583, 0.40035548674789734, 0.39848502450847445, 0.39822391709634786, 0.399628116026261, 0.40135894383138676, 0.39866145475338005, 0.3990739217848172, 0.39923169534351655, 0.3990606520643522, 0.40097458789608786, 0.40058737635603797, 0.39984926908844287, 0.4008213377206716, 0.4001131423284399, 0.39956897562467686, 0.3987376400489889, 0.40007958910660213, 0.40049096527746786, 0.40053515792923033, 0.39963820748038614, 0.3997834993082111, 0.39880150288340727, 0.401211183239186, 0.39874319838196914, 0.3980530253488134, 0.38678426560253426, 0.3584946531291795, 0.32885615156111, 0.3049260220122499, 0.2811848550309915, 0.2627389030738715, 0.25030278835487657, 0.23946426709067015, 0.23408846912696138, 0.2274597512485838, 0.22822158701409595, 0.23290526862823854, 0.2430973274544144, 0.2590989308649498, 0.2815712890637334, 0.30709902339678324, 0.3140366053918068, 0.324334604125052, 0.33953261988567646, 0.3541836942923663, 0.3713138724338559, 0.38262319349378776, 0.3790393153034431, 0.38867898307638216, 0.39511576038191193, 0.39392889554653426, 0.39411685803661406, 0.39320956714655486, 0.3944243820123088, 0.3935525992865155, 0.39494810938114266, 0.39684229882340233]	[4.967224372221173e-05, 7.597726716072363e-05, 3.458898423538076e-05, 7.211431344646772e-05, 4.8700945445764e-05, 6.310267314564133e-05, 4.531152260701625e-05, 4.5004721849835194e-05, 5.0032959857304606e-05, 1.9200126462352565e-05, 0.00011223685095666173, 4.59217748852292e-05, 3.1266901270352886e-05, 2.3010334022580975e-05, 7.880981547409614e-06, 4.808670798211631e-05, 5.080983489554625e-05, 1.368548953513609e-05, 1.462006250271023e-05, 3.3569344912836685e-05, 3.9573470172512525e-05, 3.4981515036437526e-05, 2.0574530038392517e-05, 1.7389683813198274e-05, 1.1079855157174467e-05, 3.0375973232768304e-05, 7.473845491653394e-05, 0.00012121351963531991, 0.00023862717861041443, 0.0005355966312882698, 0.0013936656928831596, 0.0025411343862738974, 0.0026169157240805894, 0.0019409440686206942, 0.0011394217037522362, 0.0007038602084894495, 0.0005340008663120825, 0.0007169520558600299, 0.001272371446926986, 0.003289768741492271, 0.010091510364946031, 0.022036016457280875, 0.03219357489855633, 0.0418436742800563, 0.03963967083671752, 0.03740365632761579, 0.03057572030227713, 0.02775290669696253, 0.017137677836163632, 0.0022412537334556477, 0.002276384063908133, 0.00036570833183339953, 0.0001699175784346491, 3.4674415370280225e-05, 3.982870566037966e-05, 2.3759649860619772e-05, 1.3025378943037324e-05, 4.128520121825897e-05, 7.386398066664947e-05, 1.5974516664710415e-05]
soft tap	6	[0.4000586993975581, 0.39998129410003685, 0.3982331195715931, 0.39953598243062877, 0.4008905095432047, 0.39923770277900533, 0.40010172762372104, 0.3981303899420301, 0.40007535135760114, 0.4010180052831607, 0.40030699346023413, 0.40018642369336344, 0.4002748685628885, 0.4001936100644976, 0.40027282500365474, 0.39934769164928213, 0.40070468205099763, 0.400844442670389, 0.39904060124008695, 0.4010042854988853, 0.3999926649840959, 0.4015603889677499, 0.40071837762244994, 0.4014343658828539, 0.40168156936239857, 0.4017838357228812, 0.4001173467024111, 0.3979909803153568, 0.3855652558544264, 0.37007412488154007, 0.3534905488092239, 0.3368645027377488, 0.31983400610812873, 0.3067728029356957, 0.3012223161995895, 0.3076713723869579, 0.3278180935723413, 0.34478119826825315, 0.36495772310459446, 0.3815591818841679, 0.39014530056943597, 0.3919900160199592, 0.3938544159624054, 0.3960609377216853, 0.39546066803011454, 0.3960993262134275, 0.3975939986763993, 0.39778629830276585, 0.3988064563095152, 0.39942095029908975, 0.39911168150735055, 0.40009309684117644, 0.3987101885065436, 0.3987760394011149, 0.4002442977277476, 0.4008331213315693, 0.4004542452946091, 0.39862664405213694, 0.3994068674756135, 0.40026914809087605]	[5.366476272453218e-05, 3.3059744975013356e-05, 2.5007311774371033e-05, 1.0916807396535184e-05, 8.528331424784903e-05, 3.037034032414738e-05, 2.9800546550861964e-05, 5.4281687679268447e-05, 1.7424701468372142e-05, 9.65936000363809e-06, 3.3911524814633484e-05, 1.7612774729763344e-05, 5.11502519041788e-05, 8.018682124679852e-05, 3.2819847726665976e-05, 3.55930705254657e-05, 6.900031336422371e-06, 3.213090438127598e-05, 2.513785852354422e-05, 1.9159741726544795e-05, 1.8532379672682665e-05, 0.00014403599815060735, 5.567890296148782e-06, 2.55133835391387e-05, 1.7914280490814506e-05, 2.185487170080827e-05, 3.031237462375634e-05, 0.0002471463293320062, 0.00036976487799932853, 0.00011000074478939395, 0.00048779833371888045, 0.0006590463092257887, 0.0003503710765536955, 0.00029416650690336586, 0.0005258312492606267, 0.0017622261711861447, 0.008374334742681797, 0.011756022304188547, 0.008769087845696305, 0.0028471423375928495, 0.00026401594463904996, 0.00018483145362442494, 0.00014884423408590252, 7.519175399000816e-05, 5.412191331112867e-05, 2.5447653942165655e-05, 9.980246370557106e-06, 1.3695202998271049e-05, 3.877438730617531e-05, 2.1396444147994926e-05, 4.4538832459866935e-05, 0.00011831775443363226, 5.007883710559095e-05, 2.5189806863119686e-05, 2.3123416125206296e-05, 1.8708612297753384e-05, 3.686308264747907e-06, 2.2601040854774634e-05, 3.830654327934493e-05, 5.667242714858113e-06]
hard tap	7	[0.4007875177034979, 0.39951414713493655, 0.39978201158685583, 0.40035548674789734, 0.39848502450847445, 0.39822391709634786, 0.399628116026261, 0.40135894383138676, 0.39866145475338005, 0.3990739217848172, 0.39923169534351655, 0.3990606520643522, 0.40097458789608786, 0.40058737635603797, 0.39984926908844287, 0.4008213377206716, 0.4001131423284399, 0.39956897562467686, 0.3987376400489889, 0.40007958910660213, 0.40049096527746786, 0.40053515792923033, 0.39963820748038614, 0.3997834993082111, 0.39880150288340727, 0.401211183239186, 0.39874319838196914, 0.3980530253488134, 0.38678426560253426, 0.3584946531291795, 0.32885615156111, 0.3049260220122499, 0.2811848550309915, 0.2627389030738715, 0.25030278835487657, 0.23946426709067015, 0.23408846912696138, 0.2274597512485838, 0.22822158701409595, 0.23290526862823854, 0.2430973274544144, 0.2590989308649498, 0.2815712890637334, 0.30709902339678324, 0.3140366053918068, 0.324334604125052, 0.33953261988567646, 0.3541836942923663, 0.3713138724338559, 0.38262319349378776, 0.3790393153034431, 0.38867898307638216, 0.39511576038191193, 0.39392889554653426, 0.39411685803661406, 0.39320956714655486, 0.3944243820123088, 0.3935525992865155, 0.39494810938114266, 0.39684229882340233]	[4.967224372221173e-05, 7.597726716072363e-05, 3.458898423538076e-05, 7.211431344646772e-05, 4.8700945445764e-05, 6.310267314564133e-05, 4.531152260701625e-05, 4.5004721849835194e-05, 5.0032959857304606e-05, 1.9200126462352565e-05, 0.00011223685095666173, 4.59217748852292e-05, 3.1266901270352886e-05, 2.3010334022580975e-05, 7.880981547409614e-06, 4.808670798211631e-05, 5.080983489554625e-05, 1.368548953513609e-05, 1.462006250271023e-05, 3.3569344912836685e-05, 3.9573470172512525e-05, 3.4981515036437526e-05, 2.0574530038392517e-05, 1.7389683813198274e-05, 1.1079855157174467e-05, 3.0375973232768304e-05, 7.473845491653394e-05, 0.00012121351963531991, 0.00023862717861041443, 0.0005355966312882698, 0.0013936656928831596, 0.0025411343862738974, 0.0026169157240805894, 0.0019409440686206942, 0.0011394217037522362, 0.0007038602084894495, 0.0005340008663120825, 0.0007169520558600299, 0.001272371446926986, 0.003289768741492271, 0.010091510364946031, 0.022036016457280875, 0.03219357489855633, 0.0418436742800563, 0.03963967083671752, 0.03740365632761579, 0.03057572030227713, 0.02775290669696253, 0.017137677836163632, 0.0022412537334556477, 0.002276384063908133, 0.00036570833183339953, 0.0001699175784346491, 3.4674415370280225e-05, 3.982870566037966e-05, 2.3759649860619772e-05, 1.3025378943037324e-05, 4.128520121825897e-05, 7.386398066664947e-05, 1.5974516664710415e-05]
soft tap	7	[0.40012601153496724, 0.39993289245988517, 0.39859657094435896, 0.39932592449539445, 0.400607845504407, 0.39963743037527427, 0.4003110462420368, 0.3986001826670606, 0.40010161110545195, 0.4006785723704396, 0.40071538282796737, 0.400412203193895, 0.4005739504065424, 0.4004819868532716, 0.4003551291981697, 0.39892926474196555, 0.4010071236110889, 0.40073761022763066, 0.3994546004595553, 0.40087451293743087, 0.4002680920459727, 0.40137327314012883, 0.4007354878182278, 0.4024078457780382, 0.4017912022904024, 0.4015673110864049, 0.4004732780569591, 0.39759090576526185, 0.38564180345061977, 0.37092598982309105, 0.354894831538676, 0.3390761086648875, 0.32236285662559155, 0.30923253116181454, 0.3037568067779145, 0.30712559099527464, 0.3244274129963633, 0.3391842075372141, 0.3590170721639601, 0.37941955626060925, 0.38723694198537045, 0.39150398669928776, 0.3941864042717788, 0.3955423849140308, 0.3953782694881318, 0.395904827541034, 0.3967633392130344, 0.39756639818029066, 0.39812701782408466, 0.3986109191372263, 0.3984777876933217, 0.40016382555075775, 0.39895855278162806, 0.39931981336715017, 0.39989163237420333, 0.40162234484409604, 0.4001368553723612, 0.39883670095084023, 0.3992734467491546, 0.40016142993976994]	[5.38550615259208e-05, 3.315813916332703e-05, 3.055538158971872e-05, 1.2770029515040775e-05, 8.863907051868553e-05, 3.7081190675342465e-05, 3.164074647775416e-05, 6.355130626791342e-05, 1.745366359137408e-05, 1.4498377497648503e-05, 4.091636359308999e-05, 1.975378280989561e-05, 5.4907149770721705e-05, 8.367959048354957e-05, 3.310435490492547e-05, 4.294647574965984e-05, 1.0741809021781497e-05, 3.2610257555955426e-05, 3.233646337979838e-05, 1.986706027021476e-05, 2.1718502462073357e-05, 0.000145506516134353, 5.580186165730242e-06, 6.531523400491218e-05, 1.8419094404727357e-05, 2.3823954265258398e-05, 3.563323404807063e-05, 0.00025386883444862264, 0.0003700109784476137, 0.00014047904769242281, 0.0005706227530568495, 0.0008644767418578943, 0.0006189646440199187, 0.0005482775506507303, 0.0007956242339085834, 0.001774737018941469, 0.008857196762951018, 0.01307172712440869, 0.010251323856831637, 0.0030394182455703586, 0.0006192750300863642, 0.00019475288264762369, 0.00015347331606344912, 8.648542859171604e-05, 5.440707313940573e-05, 2.7036502751805105e-05, 3.896004242181963e-05, 1.57261576805857e-05, 5.816312683650723e-05, 4.89547644419714e-05, 6.141532989335669e-05, 0.000118527861548712, 5.266959925739758e-05, 3.760879216090218e-05, 2.8347075892009048e-05, 4.48693099122036e-05, 7.91723550001714e-06, 2.4454244683874135e-05, 3.905418906979497e-05, 6.154577118122036e-06]
